Source,Target,Type,Weight,Source_Label,Target_Label
PULSAR N125 (2026),DR150 (2026),Directed,0.3674,PULSAR N125 (2026),DR150 (2026)
PULSAR N125 (2026),VSTROM 160 (2027),Directed,0.3566,PULSAR N125 (2026),VSTROM 160 (2027)
PULSAR N125 (2026),VSTROM 160 (2026),Directed,0.3566,PULSAR N125 (2026),VSTROM 160 (2026)
PULSAR N125 (2026),PULSAR N160 (2026),Directed,0.351,PULSAR N125 (2026),PULSAR N160 (2026)
PULSAR N250 CARB (2026),PULSAR N250 FI (2026),Directed,0.5315,PULSAR N250 CARB (2026),PULSAR N250 FI (2026)
PULSAR N250 CARB (2026),SNAKE GT TRAIL 250 RR (2026),Directed,0.4962,PULSAR N250 CARB (2026),SNAKE GT TRAIL 250 RR (2026)
PULSAR N250 CARB (2026),VSTROM 250 SX (2026),Directed,0.4656,PULSAR N250 CARB (2026),VSTROM 250 SX (2026)
PULSAR N250 CARB (2026),GIXXER 250 (2026),Directed,0.4217,PULSAR N250 CARB (2026),GIXXER 250 (2026)
TEKKEN 250 R (2026),SUPER 7 PE 250 (2026),Directed,0.5446,TEKKEN 250 R (2026),SUPER 7 PE 250 (2026)
TEKKEN 250 R (2026),RUBAK EVO TRAIL 220R (2026),Directed,0.4314,TEKKEN 250 R (2026),RUBAK EVO TRAIL 220R (2026)
TEKKEN 250 R (2026),DRS PERFORMANCE 300 (2026),Directed,0.3874,TEKKEN 250 R (2026),DRS PERFORMANCE 300 (2026)
TEKKEN 250 R (2026),TEKKEN 300 PE (2026),Directed,0.3676,TEKKEN 250 R (2026),TEKKEN 300 PE (2026)
TEKKEN 300 PE (2026),DRS PERFORMANCE 300 (2026),Directed,0.4128,TEKKEN 300 PE (2026),DRS PERFORMANCE 300 (2026)
TEKKEN 300 PE (2026),TEKKEN 250 R (2026),Directed,0.3676,TEKKEN 300 PE (2026),TEKKEN 250 R (2026)
TEKKEN 300 PE (2026),NORDICA 300 (2026),Directed,0.342,TEKKEN 300 PE (2026),NORDICA 300 (2026)
TEKKEN 300 PE (2026),SUPER 7 PE 250 (2026),Directed,0.3378,TEKKEN 300 PE (2026),SUPER 7 PE 250 (2026)
DR150 (2026),PULSAR N160 (2026),Directed,0.4704,DR150 (2026),PULSAR N160 (2026)
DR150 (2026),VSTROM 160 (2027),Directed,0.4664,DR150 (2026),VSTROM 160 (2027)
DR150 (2026),VSTROM 160 (2026),Directed,0.4664,DR150 (2026),VSTROM 160 (2026)
DR150 (2026),PULSAR N125 (2026),Directed,0.3674,DR150 (2026),PULSAR N125 (2026)
GIXXER 250 (2026),GIXXER SF 250 (2026),Directed,0.7777,GIXXER 250 (2026),GIXXER SF 250 (2026)
GIXXER 250 (2026),VSTROM 250 SX (2026),Directed,0.4981,GIXXER 250 (2026),VSTROM 250 SX (2026)
GIXXER 250 (2026),PULSAR N250 CARB (2026),Directed,0.4217,GIXXER 250 (2026),PULSAR N250 CARB (2026)
GIXXER 250 (2026),NORDICA 300 (2026),Directed,0.3574,GIXXER 250 (2026),NORDICA 300 (2026)
GIXXER SF 250 (2026),GIXXER 250 (2026),Directed,0.7777,GIXXER SF 250 (2026),GIXXER 250 (2026)
GIXXER SF 250 (2026),VSTROM 250 SX (2026),Directed,0.5086,GIXXER SF 250 (2026),VSTROM 250 SX (2026)
GIXXER SF 250 (2026),PULSAR N250 CARB (2026),Directed,0.3981,GIXXER SF 250 (2026),PULSAR N250 CARB (2026)
GIXXER SF 250 (2026),NORDICA 300 (2026),Directed,0.3833,GIXXER SF 250 (2026),NORDICA 300 (2026)
RAZZER GTR 220 R (2026),SNAKE GT TRAIL 250 RR (2026),Directed,0.5331,RAZZER GTR 220 R (2026),SNAKE GT TRAIL 250 RR (2026)
RAZZER GTR 220 R (2026),RUBAK EVO TRAIL 220R (2026),Directed,0.3999,RAZZER GTR 220 R (2026),RUBAK EVO TRAIL 220R (2026)
RAZZER GTR 220 R (2026),PULSAR N250 CARB (2026),Directed,0.3617,RAZZER GTR 220 R (2026),PULSAR N250 CARB (2026)
RAZZER GTR 220 R (2026),PULSAR N250 FI (2026),Directed,0.3608,RAZZER GTR 220 R (2026),PULSAR N250 FI (2026)
XEVERUS EVO ADVENTURE 330 R (2026),SUPER 7 PE 250 (2026),Directed,0.3586,XEVERUS EVO ADVENTURE 330 R (2026),SUPER 7 PE 250 (2026)
XEVERUS EVO ADVENTURE 330 R (2026),REVENGE DYNAMIK 220 R (2026),Directed,0.3301,XEVERUS EVO ADVENTURE 330 R (2026),REVENGE DYNAMIK 220 R (2026)
XEVERUS EVO ADVENTURE 330 R (2026),TEKKEN 250 R (2026),Directed,0.3275,XEVERUS EVO ADVENTURE 330 R (2026),TEKKEN 250 R (2026)
XEVERUS EVO ADVENTURE 330 R (2026),NORDICA 300 (2026),Directed,0.3086,XEVERUS EVO ADVENTURE 330 R (2026),NORDICA 300 (2026)
THYRON EVO SPORT 200 R (2026),QUAD XL FORCE 200 R (2026),Directed,0.3532,THYRON EVO SPORT 200 R (2026),QUAD XL FORCE 200 R (2026)
THYRON EVO SPORT 200 R (2026),REVENGE DYNAMIK 220 R (2026),Directed,0.3377,THYRON EVO SPORT 200 R (2026),REVENGE DYNAMIK 220 R (2026)
THYRON EVO SPORT 200 R (2026),RX 175 GT LINE (2026),Directed,0.333,THYRON EVO SPORT 200 R (2026),RX 175 GT LINE (2026)
THYRON EVO SPORT 200 R (2026),SUPER 7 PE 250 (2026),Directed,0.2999,THYRON EVO SPORT 200 R (2026),SUPER 7 PE 250 (2026)
BREAKSTORM EVO SPORT 330 R (2026),PULSAR N250 FI (2026),Directed,0.2279,BREAKSTORM EVO SPORT 330 R (2026),PULSAR N250 FI (2026)
BREAKSTORM EVO SPORT 330 R (2026),SNAKE GT TRAIL 250 RR (2026),Directed,0.2167,BREAKSTORM EVO SPORT 330 R (2026),SNAKE GT TRAIL 250 RR (2026)
BREAKSTORM EVO SPORT 330 R (2026),RAZZER GTR 220 R (2026),Directed,0.214,BREAKSTORM EVO SPORT 330 R (2026),RAZZER GTR 220 R (2026)
BREAKSTORM EVO SPORT 330 R (2026),PULSAR N250 CARB (2026),Directed,0.2125,BREAKSTORM EVO SPORT 330 R (2026),PULSAR N250 CARB (2026)
REVENGE DYNAMIK 220 R (2026),RUBAK EVO TRAIL 220R (2026),Directed,0.4372,REVENGE DYNAMIK 220 R (2026),RUBAK EVO TRAIL 220R (2026)
REVENGE DYNAMIK 220 R (2026),DEUS EVO SPORT 150R (2026),Directed,0.3953,REVENGE DYNAMIK 220 R (2026),DEUS EVO SPORT 150R (2026)
REVENGE DYNAMIK 220 R (2026),SUPER 7 PE 250 (2026),Directed,0.3922,REVENGE DYNAMIK 220 R (2026),SUPER 7 PE 250 (2026)
REVENGE DYNAMIK 220 R (2026),PULSAR N160 (2026),Directed,0.3761,REVENGE DYNAMIK 220 R (2026),PULSAR N160 (2026)
SNAKE GT TRAIL 250 RR (2026),RAZZER GTR 220 R (2026),Directed,0.5331,SNAKE GT TRAIL 250 RR (2026),RAZZER GTR 220 R (2026)
SNAKE GT TRAIL 250 RR (2026),PULSAR N250 CARB (2026),Directed,0.4962,SNAKE GT TRAIL 250 RR (2026),PULSAR N250 CARB (2026)
SNAKE GT TRAIL 250 RR (2026),PULSAR N250 FI (2026),Directed,0.4442,SNAKE GT TRAIL 250 RR (2026),PULSAR N250 FI (2026)
SNAKE GT TRAIL 250 RR (2026),RUBAK EVO TRAIL 220R (2026),Directed,0.394,SNAKE GT TRAIL 250 RR (2026),RUBAK EVO TRAIL 220R (2026)
QUAD XL FORCE 200 R (2026),THYRON EVO SPORT 200 R (2026),Directed,0.3532,QUAD XL FORCE 200 R (2026),THYRON EVO SPORT 200 R (2026)
QUAD XL FORCE 200 R (2026),REVENGE DYNAMIK 220 R (2026),Directed,0.3318,QUAD XL FORCE 200 R (2026),REVENGE DYNAMIK 220 R (2026)
QUAD XL FORCE 200 R (2026),DEUS EVO SPORT 150R (2026),Directed,0.2859,QUAD XL FORCE 200 R (2026),DEUS EVO SPORT 150R (2026)
QUAD XL FORCE 200 R (2026),RX 175 GT LINE (2026),Directed,0.2671,QUAD XL FORCE 200 R (2026),RX 175 GT LINE (2026)
VSTROM 160 (2027),VSTROM 160 (2026),Directed,1.0,VSTROM 160 (2027),VSTROM 160 (2026)
VSTROM 160 (2027),DR150 (2026),Directed,0.4664,VSTROM 160 (2027),DR150 (2026)
VSTROM 160 (2027),PULSAR N160 (2026),Directed,0.4067,VSTROM 160 (2027),PULSAR N160 (2026)
VSTROM 160 (2027),PULSAR N125 (2026),Directed,0.3566,VSTROM 160 (2027),PULSAR N125 (2026)
VSTROM 160 (2026),VSTROM 160 (2026),Directed,1.0,VSTROM 160 (2026),VSTROM 160 (2026)
VSTROM 160 (2026),DR150 (2026),Directed,0.4664,VSTROM 160 (2026),DR150 (2026)
VSTROM 160 (2026),PULSAR N160 (2026),Directed,0.4067,VSTROM 160 (2026),PULSAR N160 (2026)
VSTROM 160 (2026),PULSAR N125 (2026),Directed,0.3566,VSTROM 160 (2026),PULSAR N125 (2026)
VSTROM 250 SX (2026),GIXXER SF 250 (2026),Directed,0.5086,VSTROM 250 SX (2026),GIXXER SF 250 (2026)
VSTROM 250 SX (2026),GIXXER 250 (2026),Directed,0.4981,VSTROM 250 SX (2026),GIXXER 250 (2026)
VSTROM 250 SX (2026),PULSAR N250 CARB (2026),Directed,0.4656,VSTROM 250 SX (2026),PULSAR N250 CARB (2026)
VSTROM 250 SX (2026),NORDICA 300 (2026),Directed,0.4368,VSTROM 250 SX (2026),NORDICA 300 (2026)
PULSAR N160 (2026),DR150 (2026),Directed,0.4704,PULSAR N160 (2026),DR150 (2026)
PULSAR N160 (2026),RUBAK EVO TRAIL 220R (2026),Directed,0.4109,PULSAR N160 (2026),RUBAK EVO TRAIL 220R (2026)
PULSAR N160 (2026),VSTROM 160 (2027),Directed,0.4067,PULSAR N160 (2026),VSTROM 160 (2027)
PULSAR N160 (2026),VSTROM 160 (2026),Directed,0.4067,PULSAR N160 (2026),VSTROM 160 (2026)
PULSAR NS 400Z (2026),TEKKEN 300 PE (2026),Directed,0.238,PULSAR NS 400Z (2026),TEKKEN 300 PE (2026)
PULSAR NS 400Z (2026),GIXXER 250 (2026),Directed,0.2197,PULSAR NS 400Z (2026),GIXXER 250 (2026)
PULSAR NS 400Z (2026),GIXXER SF 250 (2026),Directed,0.2181,PULSAR NS 400Z (2026),GIXXER SF 250 (2026)
PULSAR NS 400Z (2026),NORDICA 300 (2026),Directed,0.2181,PULSAR NS 400Z (2026),NORDICA 300 (2026)
PULSAR N250 FI (2026),PULSAR N250 CARB (2026),Directed,0.5315,PULSAR N250 FI (2026),PULSAR N250 CARB (2026)
PULSAR N250 FI (2026),SNAKE GT TRAIL 250 RR (2026),Directed,0.4442,PULSAR N250 FI (2026),SNAKE GT TRAIL 250 RR (2026)
PULSAR N250 FI (2026),RAZZER GTR 220 R (2026),Directed,0.3608,PULSAR N250 FI (2026),RAZZER GTR 220 R (2026)
PULSAR N250 FI (2026),VSTROM 250 SX (2026),Directed,0.3421,PULSAR N250 FI (2026),VSTROM 250 SX (2026)
NORDICA 300 (2026),VSTROM 250 SX (2026),Directed,0.4368,NORDICA 300 (2026),VSTROM 250 SX (2026)
NORDICA 300 (2026),GIXXER SF 250 (2026),Directed,0.3833,NORDICA 300 (2026),GIXXER SF 250 (2026)
NORDICA 300 (2026),DRS PERFORMANCE 300 (2026),Directed,0.3599,NORDICA 300 (2026),DRS PERFORMANCE 300 (2026)
NORDICA 300 (2026),GIXXER 250 (2026),Directed,0.3574,NORDICA 300 (2026),GIXXER 250 (2026)
DEUS EVO SPORT 150R (2026),REVENGE DYNAMIK 220 R (2026),Directed,0.3953,DEUS EVO SPORT 150R (2026),REVENGE DYNAMIK 220 R (2026)
DEUS EVO SPORT 150R (2026),PULSAR N160 (2026),Directed,0.3882,DEUS EVO SPORT 150R (2026),PULSAR N160 (2026)
DEUS EVO SPORT 150R (2026),RUBAK EVO TRAIL 220R (2026),Directed,0.367,DEUS EVO SPORT 150R (2026),RUBAK EVO TRAIL 220R (2026)
DEUS EVO SPORT 150R (2026),RAZZER GTR 220 R (2026),Directed,0.3301,DEUS EVO SPORT 150R (2026),RAZZER GTR 220 R (2026)
RUBAK EVO TRAIL 220R (2026),REVENGE DYNAMIK 220 R (2026),Directed,0.4372,RUBAK EVO TRAIL 220R (2026),REVENGE DYNAMIK 220 R (2026)
RUBAK EVO TRAIL 220R (2026),TEKKEN 250 R (2026),Directed,0.4314,RUBAK EVO TRAIL 220R (2026),TEKKEN 250 R (2026)
RUBAK EVO TRAIL 220R (2026),SUPER 7 PE 250 (2026),Directed,0.4204,RUBAK EVO TRAIL 220R (2026),SUPER 7 PE 250 (2026)
RUBAK EVO TRAIL 220R (2026),PULSAR N160 (2026),Directed,0.4109,RUBAK EVO TRAIL 220R (2026),PULSAR N160 (2026)
DRS PERFORMANCE 300 (2026),TEKKEN 300 PE (2026),Directed,0.4128,DRS PERFORMANCE 300 (2026),TEKKEN 300 PE (2026)
DRS PERFORMANCE 300 (2026),TEKKEN 250 R (2026),Directed,0.3874,DRS PERFORMANCE 300 (2026),TEKKEN 250 R (2026)
DRS PERFORMANCE 300 (2026),NORDICA 300 (2026),Directed,0.3599,DRS PERFORMANCE 300 (2026),NORDICA 300 (2026)
DRS PERFORMANCE 300 (2026),VSTROM 250 SX (2026),Directed,0.3388,DRS PERFORMANCE 300 (2026),VSTROM 250 SX (2026)
RX 175 GT LINE (2026),THYRON EVO SPORT 200 R (2026),Directed,0.333,RX 175 GT LINE (2026),THYRON EVO SPORT 200 R (2026)
RX 175 GT LINE (2026),QUAD XL FORCE 200 R (2026),Directed,0.2671,RX 175 GT LINE (2026),QUAD XL FORCE 200 R (2026)
RX 175 GT LINE (2026),PULSAR N160 (2026),Directed,0.264,RX 175 GT LINE (2026),PULSAR N160 (2026)
RX 175 GT LINE (2026),REVENGE DYNAMIK 220 R (2026),Directed,0.2591,RX 175 GT LINE (2026),REVENGE DYNAMIK 220 R (2026)
SUPER 7 PE 250 (2026),TEKKEN 250 R (2026),Directed,0.5446,SUPER 7 PE 250 (2026),TEKKEN 250 R (2026)
SUPER 7 PE 250 (2026),RUBAK EVO TRAIL 220R (2026),Directed,0.4204,SUPER 7 PE 250 (2026),RUBAK EVO TRAIL 220R (2026)
SUPER 7 PE 250 (2026),REVENGE DYNAMIK 220 R (2026),Directed,0.3922,SUPER 7 PE 250 (2026),REVENGE DYNAMIK 220 R (2026)
SUPER 7 PE 250 (2026),XEVERUS EVO ADVENTURE 330 R (2026),Directed,0.3586,SUPER 7 PE 250 (2026),XEVERUS EVO ADVENTURE 330 R (2026)
